,Date,Open,High,Low,Close,Volume,Name,Acc/Dist_ROC_1,ADX_14_50,ATR_14,BollingerB_5,Bollinger%b_5,BollingerB_20,Bollinger%b_20,Copp_10,Chaikin,EMA_5,EMA_20,Force_2,KST_10_10_10_15_10_15_20_30,MA_5,MA_20,MACD_12_26,MACDsign_12_26,MACDdiff_12_26,MFI_14,Momentum_1,Mass Index,OBV_5,OBV_20,PP,R1,R2,R3,S1,S2,S3,ROC_5,ROC_20,RSI_6,RSI_12,STD_5,STD_20,SO%d_5,SO%d_20,SO%k,Trix_5,Trix_20,TSI_25_13
0,2017-03-20,67.12,67.16,66.58,66.69,3801,DXC,-0.0,,,,,,,,,,,,,,,,,,,,,,,66.81,67.04,67.39,67.62,66.46000000000001,66.23,65.88000000000001,,,,,,,,,0.18965517241379268,0.0,0.0,
1,2017-03-21,66.4,66.4,64.06,64.93,5435,DXC,-0.0,,,,,,,,,,,,,,,,,,,-1.759999999999991,,,,65.13000000000001,66.20000000000002,67.47000000000003,68.54000000000002,63.860000000000014,62.790000000000006,61.52000000000001,,,,,,,,,0.3717948717948732,,,
2,2017-03-22,65.35,65.45,65.18,65.26,1538,DXC,-0.0,,,,,,,,,,,3236.0899999999833,,,,,,,,0.3299999999999983,,,,65.29666666666667,65.41333333333333,65.56666666666666,65.68333333333332,65.14333333333333,65.02666666666667,64.87333333333333,,,,,,,,,0.29629629629629434,,,
3,2017-03-23,67.0,67.13,66.9,67.13,301,DXC,0.0,,,,,,,,,66.15184615384615,,-11294.799999999941,,,,,,,,1.8699999999999903,,,,67.05333333333333,67.20666666666665,67.28333333333333,67.43666666666664,66.97666666666666,66.82333333333334,66.74666666666667,,,,,,,0.589417125756648,,1.0,,,
4,2017-03-24,68.47,68.47,68.36,68.36,1888,DXC,-0.0,,,0.08452088132084457,0.8356803031671985,,,,,66.99952606635071,,1084.999999999998,,66.474,,,,,,1.230000000000004,,-341.6,,68.39666666666666,68.43333333333332,68.50666666666667,68.54333333333332,68.32333333333332,68.28666666666666,68.21333333333332,0.025041235567551383,,0.7344506078130535,,1.4046102662304556,,0.3631479921723424,,0.0,,,
5,2017-03-27,66.5,67.0,65.82,67.0,900,DXC,0.0,,,0.08556247981831261,0.5815038134104187,,,,,66.99969924812031,,-77.86999999999728,,66.536,,,,,,-1.3599999999999994,,-521.6,,66.60666666666667,67.39333333333335,67.78666666666669,68.57333333333335,66.21333333333334,65.42666666666666,65.03333333333333,0.03188048667796077,,0.36211391197076503,,1.423246289297812,,0.5958623348822985,,1.0,,,
6,2017-03-28,68.95,69.0,68.95,69.0,434,DXC,0.0,,,0.08545736955536136,0.7866796221522243,,,,,67.70791646430307,,-930.5600000000009,,67.35,,,,,,2.0,,652.2,,68.98333333333333,69.01666666666667,69.03333333333335,69.06666666666666,68.96666666666667,68.93333333333334,68.91666666666667,0.057309224639901846,,0.5907977841816847,,1.4388884598883969,,0.7389494440958995,,1.0,,,
7,2017-03-29,68.25,73.0,68.0,72.54,914,DXC,0.0,,,0.130802287913913,0.9148897084249228,,,,,69.38400951625695,,77.56000000000009,,68.80600000000001,,,,,,3.5400000000000063,,527.4,,71.18,74.36000000000001,76.18,79.36000000000001,69.36000000000001,66.18,64.36000000000001,0.08058990019365427,,0.7957876617908954,,2.2499955555511746,,0.7975875988559741,,0.9080000000000013,,,
8,2017-03-30,72.3,72.32,70.75,70.75,3235,DXC,-0.0,,,0.12405232221467337,0.6414434050332154,,,,-613.4506462252375,69.85150018256743,,4901.75,,69.53,,,,,,-1.7900000000000063,,-179.8,,71.27333333333333,71.79666666666665,72.8433333333333,73.36666666666665,70.22666666666666,69.70333333333333,68.65666666666667,0.034961966062024584,,0.7957876617908956,,2.15633949089656,,0.5246246738080348,,0.0,,,
9,2017-03-31,70.67,70.7,68.95,69.2,22459,DXC,-0.0,,,0.11900073998251731,0.43995741733233956,,,,-4739.323155126016,69.63050099095219,,-71960.30000000008,,69.69800000000001,,,,,,-1.5499999999999972,,-5049.2,,69.61666666666667,70.28333333333335,71.36666666666666,72.03333333333335,68.53333333333335,67.86666666666667,66.78333333333335,0.03283582089552243,,0.5519258641786758,,2.0735283938253732,,0.3951230742956452,,0.14285714285714285,,,
10,2017-04-03,69.32,71.83,67.76,67.95,34496800,DXC,-0.0,,,0.1023595857869516,0.22909149441754215,,,,-9257523.44366505,69.06378214610021,,-96581981.9999999,,69.888,,,,,,-1.25,,-6904229.2,,69.18,70.60000000000001,73.24999999999999,74.67,66.53000000000002,65.11000000000001,62.46000000000002,-0.015217391304347785,,0.42997338459857604,0.5049196394582212,1.7884266828696185,,0.2776179189806728,,0.0466830466830462,0.002880258148359438,,
11,2017-04-04,68.58,70.62,68.11,69.4,6992294,DXC,0.0,,,0.09988831494748518,0.4187292647512939,,,,-2649258.110636983,69.17672525576236,,1393967.0000000198,,69.968,,,,,,1.4500000000000028,,-5505857.2,,69.37666666666668,70.64333333333336,71.88666666666667,73.15333333333336,68.13333333333335,66.86666666666667,65.62333333333335,-0.04328646264130136,,0.42997338459857604,0.5049196394582212,1.747246405061411,,0.35700521912984967,,0.5139442231075712,0.0019330857584491416,,
12,2017-04-05,69.97,72.64,69.61,71.79,5244219,DXC,0.0,,,0.08499429633450505,0.832314830983977,,,,916973.7986772722,70.05231582385063,,-112329911.0400001,,69.81800000000001,,,,,,2.3900000000000006,,-4457196.2,,71.34666666666668,73.08333333333336,74.37666666666668,76.11333333333336,70.05333333333336,68.31666666666668,67.02333333333335,0.014699646643109628,,0.6714810097538908,0.6247268277622852,1.4835329453706185,,0.478451480775025,,0.7194719471947214,0.0028703617052744123,,
13,2017-04-06,72.72,75.09,72.55,74.68,9425095,DXC,0.0,,2.7297777383221575,0.15118482147563536,0.8818534138428169,,,,3527258.0329371737,71.60017940307371,,12845189.280000003,,70.60400000000001,,,,,0.6428571428571429,2.8900000000000006,,-2571530.2,,74.10666666666667,75.66333333333334,76.64666666666666,78.20333333333335,73.12333333333333,71.56666666666666,70.58333333333333,0.07919075144508676,,0.8089354143141825,0.7213748340743317,2.6685632838664404,,0.5989078346263927,,0.8385826771653561,0.005514027978653838,,
14,2017-04-07,74.4,76.24,74.39,75.87,3981631,DXC,0.0,,2.5969473515263792,0.18721661311106802,0.7919515366030365,,,,3023480.374629411,73.02671064523754,,-5151359.039999998,,71.93800000000002,,,,,0.7142857142857143,1.1899999999999977,,-1770712.2,,75.5,76.61,77.35000000000001,78.46,74.76,73.65,72.91000000000001,0.1165562913907285,,0.850139862318687,0.7562047933698338,3.3669971784960038,,0.6660919820508385,,0.8000000000000046,0.008294439663736216,,
15,2017-04-10,75.9,76.16,73.84,74.71,3184751,DXC,-0.0,,2.5558585076323115,0.14436550948228838,0.6342085470909584,,,,1547390.1464969693,73.58866263435968,,-187210.3199999184,,73.29,,,,,0.7142857142857143,-1.1600000000000108,,4491697.6,,74.90333333333332,75.96666666666664,77.22333333333333,78.28666666666663,73.64666666666665,72.58333333333333,71.32666666666665,0.07651296829971163,,0.7428717513819136,0.7063005272290473,2.645137047489229,,0.5689133728781693,,0.37499999999999695,0.009375169270693838,,
16,2017-04-11,74.11,75.18,73.54,74.28,2928972,DXC,-0.0,,2.42199068698864,0.08111372676416241,0.5023240402586748,,,,961983.3083214206,73.81934255361897,,1673727.8100000035,,74.266,,,,,0.6428571428571429,-0.4299999999999926,,2507444.4,,74.33333333333334,75.12666666666668,75.97333333333334,76.76666666666668,73.48666666666668,72.69333333333334,71.84666666666668,0.03468449644797318,,0.6775842352536956,0.6774798703037971,1.5059980079668216,,0.5296422273723371,,0.4512195121951187,0.00909275279117699,,
17,2017-04-12,74.04,76.75,74.0,76.13,3587192,DXC,0.0,,2.469327179490634,0.04332393607267582,0.8059813254489283,,,,1340716.8666300173,74.59008321597717,,571466.2200000007,,75.134,,,,,0.6428571428571429,1.8499999999999943,,2176039.0,,75.62666666666667,77.25333333333333,78.37666666666667,80.00333333333333,74.50333333333333,72.87666666666667,71.75333333333333,0.019416175682913612,,0.8038721872635987,0.742472848023052,0.8137751532211062,,0.6113319108953985,,0.7745454545454529,0.009124793459277409,,
18,2017-04-13,75.69,77.34,75.52,76.51,2960952,DXC,0.0,,2.3766377035581203,0.050722770415477354,0.7637372393923247,,,,834646.0296489666,75.23034429460229,72.43952978734217,71315.40000000013,,75.5,,,,,0.6428571428571429,0.38000000000000966,,883210.4,,76.45666666666666,77.39333333333333,78.27666666666669,79.21333333333334,75.57333333333332,74.63666666666666,73.75333333333332,0.008435481745090293,,0.8373834497955879,0.7636276653900976,0.9573922915921351,,0.5888631530831442,0.5510369773699271,0.5439560439560468,0.00907321704817488,,
19,2017-04-17,76.8,77.99,76.8,77.0,2065550,DXC,-0.0,,2.2498390383601867,0.06207497175546492,0.7710240808676522,0.22507437019112736,0.8782468375497047,,37718.61050966231,75.820406978495,72.94170958184982,-1323828.540000007,,75.726,70.959,,,,0.7142857142857143,0.4899999999999949,,499994.2,-319027.2,77.26333333333334,77.72666666666667,78.45333333333333,78.91666666666667,76.53666666666668,76.07333333333334,75.34666666666668,0.03065185383482809,0.15459589143799674,0.8713004858588137,0.7864660413982328,1.1751723277885842,3.992763058598052,0.44855564986494345,0.5088659595515269,0.168067226890759,0.008906987525589369,,
20,2017-04-18,76.7,76.84,74.77,75.39,3131160,DXC,-0.0,,2.2470559802415995,0.05600202460696598,0.3889000195673698,0.22282423014061048,0.7511894239340295,,-254545.71674873203,75.67690921640356,73.20735286257698,-190632.96000000078,,75.862,71.394,,,,0.6428571428571429,-1.6099999999999994,,510712.4,-475585.2,75.66666666666667,76.56333333333335,77.73666666666666,78.63333333333335,74.49333333333334,73.59666666666666,72.42333333333333,0.014943457189014532,0.16109656553211138,0.4557165922274954,0.5797259641824705,1.0621063976834133,3.9770782716646864,0.3988661072677812,0.4861512650845115,0.2995169082125615,0.0075881675997155115,,
21,2017-04-19,76.16,76.16,74.7,75.25,3219498,DXC,-0.0,,2.1374081628873483,0.03896769989053573,0.22804516209644088,0.2090225151134946,0.722210260689553,,-204718.83282980975,75.53458712189894,73.42608211924339,-2019409.0,,76.056,71.91,,,,0.5714285714285714,-0.14000000000000057,,452607.2,-636288.35,75.37,76.04,76.83,77.5,74.58000000000001,73.91000000000001,73.12000000000002,-0.01155917509523178,0.15307998774134224,0.4454593902474149,0.5735813812000261,0.7409318457186463,3.7577022654528487,0.39148052729842125,0.47443240441958867,0.37671232876712296,0.005932607848008255,,
22,2017-04-20,75.52,75.78,74.88,75.49,2624505,DXC,0.0,,1.9660448834748672,0.04105169226743955,0.35947904733549024,0.1928543511175596,0.7196995514173734,0.18084603440079655,380729.3715860807,75.51972342350594,73.64450228524389,-50665.49999999712,,75.928,72.42150000000001,,,,0.5714285714285714,0.23999999999999488,,260069.8,-505140.0,75.38333333333333,75.88666666666666,76.28333333333333,76.78666666666666,74.98666666666665,74.48333333333332,74.08666666666664,-0.01333159064174631,0.1245344853269775,0.4454593902474149,0.5735813812000261,0.7792432226205376,3.4917003473650863,0.48692144836791934,0.4959520252428965,0.6777777777777728,0.00451465022763416,,
23,2017-04-21,75.72,76.52,75.01,76.32,2727860,DXC,0.0,,1.9032129396306445,0.039413009964044454,0.6437620640988068,0.18446202766417133,0.755806087101127,0.17355156885168568,924684.7037796242,75.7864981296064,73.92467766952593,-526052.6599999967,,75.89,72.881,,,,0.6428571428571429,0.8299999999999983,,213451.4,-368762.05,75.95,76.89,77.46,78.39999999999999,75.38000000000001,74.44000000000001,73.87000000000002,-0.00883116883116892,0.11644236395552945,0.6218257557280711,0.6312841305233013,0.7477633315428335,3.3609442595481176,0.6138050591615044,0.5348653504266496,0.8675496688741695,0.0037813936679871266,,
24,2017-04-24,76.97,77.03,75.43,75.69,2156462,DXC,-0.0,,1.8616223020844065,0.02214588838720447,0.5370182570837321,0.17690472392219678,0.6884960855868683,0.15651077449249118,-34411.555397523625,75.75433081251005,74.10780421727253,-93608.60000000133,,75.628,73.2475,1.273493444238369,,,0.7142857142857143,-0.6299999999999955,,-630951.0,-476679.55,76.05,76.66999999999999,77.64999999999998,78.26999999999998,75.07,74.45,73.47,0.003979307600477479,0.1297014925373134,0.7106251001674743,0.6678885344924184,0.4187123117368749,3.239457191372777,0.4633640816581474,0.49623785450312924,0.1624999999999949,0.002985193030892941,,
25,2017-04-25,75.41,76.42,75.09,76.13,2329355,DXC,0.0,,1.7889800120729444,0.023416328016407122,0.6995045443537538,0.15968771012833763,0.7061238497289151,0.14138825895520885,455029.1646339004,75.8795571811605,74.31581014913213,75715.9499999991,,75.776,73.704,1.246347465161648,,,0.6428571428571429,0.4399999999999977,,461152.0,-360166.8,75.88,76.66999999999999,77.21000000000001,77.99999999999999,75.33999999999999,74.55,74.00999999999999,0.011694352159468378,0.10333333333333326,0.5828825353974987,0.6194379804093826,0.44359891794281653,2.9424057468247486,0.5695638206685533,0.5256271145073538,0.7819548872180402,0.002484578557665551,,
26,2017-04-26,76.33,76.75,75.65,76.14,1566573,DXC,-0.0,,1.6951464712934596,0.01832884926756145,0.6336063483508625,0.1495908473490809,0.6876548940606784,0.12266046567327034,142519.9034429843,75.9663729821472,74.50202930020198,-265450.0500000017,,75.954,74.061,1.2113419432348138,,,0.6428571428571429,0.010000000000005116,,1418366.2,-281859.85,76.18,76.71000000000001,77.28,77.81,75.61000000000001,75.08000000000001,74.51000000000002,0.008610411975096115,0.049627791563275354,0.6647675146967242,0.6486722908096655,0.34803735431709054,2.7697119363800704,0.5281933341041917,0.5174428415047382,0.4454545454545431,0.0021132290881203655,,
27,2017-04-27,76.33,76.47,75.35,75.88,1185210,DXC,-0.0,,1.6170394231432337,0.013001023302345701,0.34623070025591246,0.14947814885076774,0.6488896719508357,0.09859953019934646,35858.6887179549,75.93758165026169,74.64174062934904,286036.25,,76.032,74.228,1.1513371620348352,,,0.5714285714285714,-0.2600000000000051,,656423.2,-341166.05,75.89999999999999,76.44999999999999,77.02000000000001,77.57,75.32999999999998,74.77999999999999,74.20999999999998,-0.005765199161425547,0.07250883392226141,0.5318773801909109,0.5992173409649554,0.24712345093098706,2.7738660082236968,0.5098667695976438,0.5129585441850312,0.4732142857142848,0.0016700920477638174,,
28,2017-04-28,75.88,75.88,74.96,75.34,2007802,DXC,-0.0,,1.5226121297663533,0.017654350371091795,0.1295287444703136,0.1428166196306208,0.5829903343898625,0.07861941845253324,-101769.42163921562,75.73838620860639,74.71210376920871,-352983.19999999873,,75.836,74.4575,1.052203447348461,,,0.5,-0.539999999999992,,-290709.2,-441394.4,75.39333333333333,75.82666666666667,76.31333333333332,76.74666666666667,74.90666666666667,74.47333333333333,73.98666666666666,-0.004624124719249495,0.08872832369942198,0.38998903182357014,0.5363886491132885,0.33470882868552937,2.6584421140367374,0.4775920866787469,0.5028901683733968,0.4130434782608793,0.0009944978645947992,,
29,2017-05-01,75.38,76.8,74.95,76.4,2962259,DXC,0.0,,1.566868544484591,0.02112574558004731,0.7629132952510298,0.127358401041332,0.6660783144306649,0.06773840595815354,496372.3662957783,75.9589252892032,74.88125634263699,924065.4800000181,,75.97800000000001,74.8175,1.039589087844277,,,0.5714285714285714,1.0600000000000023,,733035.0,-292158.5,76.05,77.14999999999999,77.89999999999999,78.99999999999999,75.3,74.2,73.45,0.0035465650860371763,0.12435614422369393,0.6757022748372474,0.6412544829663803,0.4012729744202087,2.382159292477464,0.579656517989471,0.5310399308051583,0.7837837837837878,0.0009084080332876702,,
30,2017-05-02,76.43,77.93,76.25,76.98,2209133,DXC,-0.0,,1.5821335019482408,0.03195749773734047,0.841894455745541,0.09542025697956269,0.7382282615516468,0.06110796371875996,69526.22845025835,76.29928470947328,75.09054041033447,330182.84000000014,,76.14800000000001,75.26899999999999,1.0601117237380606,,,0.6428571428571429,0.5799999999999983,,708990.6,1543138.15,77.05333333333334,77.85666666666668,78.73333333333335,79.53666666666669,76.17666666666668,75.37333333333333,74.49666666666667,0.011032308904649376,0.10922190201729104,0.8203734312068367,0.7299290550365151,0.6083748844257506,1.795546830648676,0.5312787803045839,0.5214154650495243,0.43452380952381015,0.0012684837522989,,
31,2017-05-03,76.84,78.6,76.33,77.27,3073638,DXC,-0.0,,1.6748000557798084,0.04127178580713593,0.7842557194709967,0.0638530558635601,0.8327274320722907,0.05658427065244452,-187283.16890852226,76.62285722296505,75.30690392141537,96899.72999999892,,76.37400000000001,75.6625,1.0852304309959209,1.1053940860815816,-0.02016365508566076,0.6428571428571429,0.28999999999999204,,1010403.6,1347205.35,77.39999999999999,78.46999999999998,79.67,80.73999999999998,76.19999999999999,75.13,73.92999999999999,0.018318397469688993,0.07633375121883255,0.8689151334333408,0.7698006601005067,0.78802284230855,1.207820459819154,0.4922180684338756,0.5107615313304723,0.4140969162995592,0.0017605784322133014,,
32,2017-05-04,77.88,78.31,77.52,77.56,2271897,DXC,-0.0,,1.5894004659975283,0.04577141410221176,0.7420876378498824,0.04625704313898314,0.9579780668583777,0.05253089367691934,-756565.5441471359,76.93523863133929,75.52967853513681,36403.11999999989,,76.71000000000001,75.951,1.1138016329616107,1.1073362711209236,0.006465361840687134,0.6428571428571429,0.29000000000000625,,1701825.0,1198589.25,77.79666666666667,78.07333333333334,78.58666666666669,78.86333333333334,77.28333333333333,77.00666666666666,76.49333333333333,0.029466418900982196,0.03856454204606314,0.8689151334333407,0.7698006601005067,0.8777812939451661,0.878317170862227,0.34502278863861013,0.4652663673456015,0.05063291139241258,0.002238302310850282,,
33,2017-05-05,77.79,78.48,77.05,78.39,1005264,DXC,0.0,,1.567981965528466,0.03807742803251159,0.8634329726530426,0.05156380487814065,1.0740103162198764,0.05518556780753754,8100.262437947938,77.42015958709709,75.81146768093457,-2316578.880000009,,77.32000000000001,76.13649999999998,1.185092336323251,1.1247581434596354,0.06033419286361563,0.6428571428571429,0.8299999999999983,,2304438.2,777597.7,77.97333333333334,78.89666666666669,79.40333333333335,80.3266666666667,77.46666666666668,76.54333333333334,76.03666666666668,0.0260471204188481,0.03321470937129295,0.6335253727499502,0.6725221643394231,0.7360366838684491,0.9814719075261387,0.5423697080754478,0.5117461613142571,0.937062937062935,0.0029063078590941716,,
34,2017-05-08,78.14,78.43,77.51,78.41,1162570,DXC,0.0,,1.4810032899556893,0.033558097400099116,0.7637832047971186,0.05780458617977221,0.9869135536637206,0.05937145070001988,394333.7776267647,77.75010661799297,76.0666297002449,-942927.9499999937,,77.72200000000001,76.2635,1.228683354894045,1.1474963858994693,0.08118696899457567,0.7142857142857143,0.01999999999999602,,1944500.4,636644.65,78.11666666666666,78.72333333333331,79.03666666666668,79.64333333333332,77.80333333333331,77.19666666666666,76.88333333333331,0.018576253572356358,0.04952482934011515,0.6335253727499504,0.6725221643394232,0.6520506115326259,1.1020950145302644,0.6876668616898567,0.5575554183790674,0.9782608695652063,0.0033544288589695357,,
35,2017-05-09,79.93,80.03,78.84,79.0,3522470,DXC,-0.0,,1.4996441142037418,0.03590640374196974,0.8115616057254061,0.06261675890663716,1.026645012653546,0.06392992436976239,-656278.5989709396,78.16673793607954,76.35382191922824,1535495.6599999985,,78.126,76.478,1.2930022605283966,1.178744945489001,0.11425731503939551,0.7857142857142857,0.5900000000000034,,2207167.8,972005.7,79.29,79.74000000000001,80.47999999999999,80.93,78.55000000000001,78.10000000000001,77.36000000000001,0.022389025495017523,0.06354334948842218,0.8694678033066323,0.7954343137448154,0.701305924686282,1.1972011219154493,0.5032624172028581,0.5161315661101237,0.13445378151260243,0.0037784187953445658,,0.33954127940736933
36,2017-05-10,79.06,79.86,79.06,79.61,2693431,DXC,0.0,,1.4139281125896828,0.03894108838825143,0.8319680059100064,0.0663502944978129,1.0627432533470047,0.06846702823774568,114031.80098319202,78.64782543756075,76.671770695899,1837033.2000000044,,78.59400000000001,76.74449999999999,1.3745230923485536,1.2201784032926135,0.15434468905594012,0.7857142857142857,0.6099999999999994,,2131126.4,1253125.85,79.51,79.96000000000001,80.31,80.76,79.16000000000001,78.71000000000001,78.36000000000001,0.026431150077359425,0.04571128333114415,0.8694678033066324,0.7954343137448153,0.7651339751965582,1.2730050440218503,0.5646749635466924,0.5328647983117095,0.6874999999999989,0.004233977469744802,,0.36098624918798755
37,2017-05-11,79.22,79.52,78.97,79.42,1775586,DXC,0.0,,1.310286972496887,0.02846281018965116,0.7019937522415552,0.07260751817758251,0.9496638307141861,0.0734940713180707,456900.2815890722,78.90521701074914,76.93947664592191,-733691.2800000029,,78.96600000000001,76.90899999999999,1.4081040213695104,1.2594925828085632,0.14861143856094716,0.7142857142857143,-0.18999999999999773,,1321629.8,984986.95,79.30333333333334,79.63666666666668,79.85333333333332,80.18666666666668,79.08666666666669,78.75333333333334,78.53666666666669,0.013139431049878825,0.038034243889687576,0.8118425874718412,0.7726508347287138,0.5618985673589985,1.3960429038799231,0.649177265620012,0.560657626132903,0.8181818181818276,0.0043260247725810065,,0.3735650131669404
38,2017-05-12,79.45,79.63,79.12,79.62,1044019,DXC,0.0,,1.2031783453028673,0.025949473175249968,0.6984909174215347,0.07875004559492593,0.9210859067708339,0.07882436759503855,515260.0025217859,79.14347803948777,77.20002136952799,-16494.12000000844,,79.21200000000002,77.06449999999998,1.4334358798142404,1.29554989613842,0.1378859836758204,0.7142857142857143,0.20000000000000284,22.836919039441916,1329380.8,889140.3,79.45666666666666,79.79333333333332,79.96666666666664,80.30333333333331,79.28333333333333,78.94666666666667,78.77333333333334,0.015431705139650658,0.034025974025974084,0.831007415232498,0.7816832444759092,0.5138774172894752,1.517208222187542,0.7595822443447585,0.6014554864203576,0.9803921568627626,0.00421886139097089,,0.38582370698562807
39,2017-05-15,79.64,80.6,79.64,80.53,1858039,DXC,0.0,,1.1733237121970665,0.0280934289751717,0.8995980222924955,0.08820351431936169,0.982758686013818,0.08483104158980172,678064.3577884957,79.60565206812315,77.52305911533122,91522.82999999996,,79.63600000000001,77.24099999999999,1.5063248198356263,1.338925804147528,0.16739901568809823,0.7857142857142857,0.9099999999999966,22.583486477313603,1468474.6,878764.75,80.25666666666667,80.87333333333335,81.21666666666668,81.83333333333334,79.91333333333336,79.29666666666668,78.95333333333336,0.01936708860759495,0.06817880355484814,0.9251400491422452,0.8456075524355169,0.5593120774666934,1.7032319123854536,0.8154159457237586,0.6330443034400703,0.9270833333333399,0.004354693614112834,,0.40528232531186886
40,2017-05-16,80.69,80.83,80.29,80.59,1717816,DXC,0.0,,1.0886408155237894,0.02798169334700945,0.7842777876711633,0.09289944642290932,0.9290396957126511,0.089235379418602,238830.94789363781,79.93376806519815,77.82005390838054,653583.0899999993,,79.95400000000002,77.50099999999998,1.5506994280340223,1.3822562436815222,0.16844318435250005,0.7857142857142857,0.060000000000002274,22.313878017964033,1107543.8,1121213.55,80.57000000000001,80.85000000000001,81.11,81.39,80.31000000000002,80.03000000000002,79.77000000000002,0.012310011305112473,0.07096345514950171,0.936822163406798,0.8573150456836454,0.5593120774666985,1.7999499993054733,0.7287958104452067,0.625540489213766,0.5555555555555585,0.0043882035731773565,,0.421594963466744
41,2017-05-17,80.03,80.18,78.52,78.78,2145461,DXC,-0.0,,1.2198105330633113,0.0386175933396599,0.17285691245730844,0.08958408093132306,0.6584355062904689,0.08485257727542393,-492035.0130311984,79.54917869467371,77.91286421995032,-502988.5,,79.78800000000001,77.67749999999998,1.4285296750626628,1.3916807059772838,0.036848969085379046,0.7857142857142857,-1.8100000000000023,22.25533832218725,139765.4,1174915.4,79.16,79.8,80.82000000000001,81.46000000000001,78.13999999999999,77.49999999999999,76.47999999999998,-0.008058423570888951,0.043581931381640036,0.349390944679979,0.5073896008577503,0.7703051343461962,1.7396668616357112,0.5380727013054754,0.5802045549782928,0.15662650602409844,0.0033627172276010802,,0.3902998479455209
42,2017-05-18,78.7,78.89,77.74,78.12,3752918,DXC,-0.0,,1.2104826273557532,0.054417504936597826,0.1746551259056968,0.0855087773814955,0.5467433526036026,0.07480648578529644,-682442.3467282304,79.07278578368354,77.93286180347833,-5026701.939999998,,79.528,77.80899999999998,1.2656348891755727,1.3661029279883985,-0.10046803881282584,0.7857142857142857,-0.6599999999999966,22.183135405276122,-255701.0,856044.25,78.25,78.76,79.39999999999999,79.91000000000001,77.61,77.1,76.46,-0.018839487565938205,0.02358490566037751,0.25193024135581926,0.4184406298462985,1.081928833149438,1.6633381148191955,0.4688600598852373,0.5560909427161546,0.3304347826087024,0.0018616549339749947,,0.35027963603594175
43,2017-05-19,78.08,79.03,77.94,78.07,1731802,DXC,-0.0,,1.1943886180520962,0.06346481943902967,0.2716584390395338,0.08352150804593263,0.5266675554765683,0.06301411603708139,-712918.1845968179,78.7385238498177,77.94608432647019,293697.8900000033,10.306090297036258,79.218,77.89649999999997,1.119727770686751,1.316253167924295,-0.19652539723754403,0.7857142857142857,-0.05000000000001137,22.16393094164084,-810865.2,633061.15,78.34666666666666,78.75333333333333,79.43666666666667,79.84333333333333,77.66333333333333,77.25666666666666,76.57333333333332,-0.030547622004222126,0.03144404809089702,0.3009306420143976,0.43929133440459445,1.256889016580263,1.6265082878749972,0.35232872285703654,0.5139733761509561,0.11926605504586701,0.0005204361459402478,,0.31753441682807837
44,2017-05-22,78.1,78.58,77.64,78.48,1527982,DXC,0.0,,1.1604158762692052,0.052636722009158476,0.42092946046286606,0.07918915840612488,0.5718492505779215,0.054552719730816636,141699.96198626855,78.6523492321855,77.99750250135,-800976.9599999987,9.6978367233426,78.80800000000002,78.03599999999997,1.0244136385039013,1.2573419015129421,-0.2329282630090408,0.7142857142857143,0.4100000000000108,22.203846826447467,-876876.6,817283.35,78.23333333333333,78.82666666666667,79.17333333333333,79.76666666666667,77.88666666666667,77.29333333333334,76.94666666666667,-0.02618190842536294,0.03086825167476696,0.25150755933857555,0.4027251754600834,1.0370486970244406,1.5449012913450897,0.5327581578123817,0.5505345492066651,0.8936170212766016,-0.0002530881641894378,,0.29611551537986724
45,2017-05-23,78.45,78.88,78.15,78.27,1091391,DXC,-0.0,,1.1029475455713413,0.014870616829771536,0.4364819736801591,0.07568844757874621,0.5214725707822581,0.04460511575692365,-137363.85089488316,78.52489948711177,78.0237171396348,-128082.20000000182,8.887856186553083,78.34400000000001,78.14299999999999,0.9217464989353914,1.1897238881223164,-0.26797738918692504,0.7142857142857143,-0.21000000000000796,22.183198609104082,-1438718.0,646246.05,78.43333333333334,78.71666666666667,79.16333333333333,79.44666666666666,77.98666666666668,77.70333333333335,77.25666666666669,-0.006473724295506539,0.02797478329393217,0.3914338303302765,0.4562187480937126,0.29125590122790534,1.478630589786491,0.40996662478127266,0.5133862872503849,0.16438356164382467,-0.000748086594007868,,0.27404441466224316
46,2017-05-24,78.55,78.73,77.4,77.95,1178954,DXC,-0.0,,1.133257567062065,0.010444488732617163,0.22076933832607323,0.07173616621398972,0.44948479263378666,0.03166926415634164,-70822.25522218642,78.33326632372685,78.01663227311491,184984.8400000004,8.147339846201692,78.178,78.23349999999998,0.8059063684220718,1.112504561733809,-0.3065981933117372,0.6428571428571429,-0.3199999999999932,22.262152703943737,-1245416.6,508969.7,78.02666666666666,78.65333333333331,79.35666666666665,79.9833333333333,77.32333333333331,76.69666666666666,75.99333333333331,-0.0021761392729134884,0.02727991565629952,0.2366153497211866,0.3607563996361257,0.20413231003463614,1.4030428398755408,0.4111556947226305,0.5037895869129578,0.41353383458646453,-0.0011554069131000852,,0.24881002960088053
47,2017-05-25,78.54,79.55,78.02,78.64,1700205,DXC,-0.0,,1.1955546606132916,0.01451289679967193,0.8151134980808836,0.06587102588810201,0.5520105808155608,0.02465261996944649,-74827.81943194833,78.43551088284535,78.07649128305526,225261.18000000276,7.488026275532224,78.282,78.3715,0.7597407369609783,1.041617039922186,-0.2818763029612077,0.6428571428571429,0.6899999999999977,22.478669650261295,-154792.0,653240.45,78.73666666666666,79.45333333333333,80.26666666666667,80.98333333333333,77.92333333333333,77.20666666666666,76.39333333333333,0.007301140002561899,0.043801433501460006,0.5244905364655111,0.4968061049257121,0.2840246468179795,1.2906027763473467,0.40918004919809464,0.49432526373258073,0.4052287581699373,-0.0010650872103515677,,0.23754411757501295
48,2017-05-26,79.51,80.33,77.17,78.66,2372728,DXC,-0.0,,1.4577169291776522,0.015113584942454319,0.7194268628680343,0.054791669802516055,0.5284671821347827,0.017190147052232218,-10131.878188961418,78.51034058873961,78.13247875569671,847579.5399999926,6.8357508127869755,78.39999999999999,78.5375,0.7164576299003045,0.9763385427280484,-0.25988091282774395,0.5714285714285714,0.01999999999999602,22.94225575746339,666114.0,872266.95,78.72,80.27,81.88000000000001,83.42999999999999,77.11,75.56,73.95,0.0022935779816512817,0.02958115183246061,0.33898016216786336,0.3940630131060249,0.2962262648721046,1.075800191778776,0.42995969529487077,0.4921370088901,0.47151898734177106,-0.0008013841232575956,,0.2286079249882657
49,2017-05-30,78.1,78.6,77.27,78.34,1997347,DXC,0.0,,1.4486809489402073,0.014973556408185873,0.4727313218817093,0.04849925046256221,0.4227786939390586,0.006213101574283187,447294.49111668137,78.45356039240403,78.15237619331576,-89142.59999999916,5.891599161228985,78.37199999999999,78.63449999999999,0.6493443798900529,0.910741455128222,-0.26139707523816913,0.5,-0.3199999999999932,23.27950887416217,-38951.8,624286.65,78.07000000000001,78.87000000000002,79.40000000000002,80.20000000000002,77.54000000000002,76.74000000000001,76.21000000000002,0.0008943401047656496,0.01766692647440893,0.3389801621678634,0.3940630131060249,0.29337689070558576,0.9534285776245869,0.5548102231242189,0.5220879064869596,0.8045112781954953,-0.0006752973724723662,,0.21388247170109195
50,2017-05-31,78.23,78.64,77.32,77.52,2395551,DXC,-0.0,,1.4315118691444753,0.024885150053102996,0.1393649507980389,0.0463150221099261,0.18667733171446746,-0.006198517692848079,-324513.2399208562,78.14237359461066,78.09178203102304,-26018.220000000012,5.133127910782704,78.22199999999998,78.66149999999999,0.5251417034478578,0.8334345882573617,-0.3082928848095039,0.42857142857142855,-0.8200000000000074,23.55110530358901,-299783.8,394052.45,77.82666666666665,78.33333333333331,79.14666666666665,79.65333333333332,77.0133333333333,76.50666666666665,75.6933333333333,-0.005516356638871158,0.0032354083085285364,0.35986351671564215,0.40218892415061025,0.48664155186345553,0.9108022779249878,0.4203785324473081,0.48657969809239254,0.15151515151515282,-0.0009840632583742398,,0.18297313014010477
51,2017-06-01,77.3,77.82,76.76,77.14,1719613,DXC,-0.0,,1.3819478812464032,0.03543530949448447,0.16739938331139012,0.0468707489896782,0.0890543346371873,-0.014523095309818872,-234364.85447139503,77.80824906284087,78.00063548492764,333280.8000000008,4.608811033429407,78.05999999999997,78.655,0.3920583784300078,0.7449882662241214,-0.3529298877941136,0.42857142857142855,-0.37999999999999545,23.764524162979594,-407915.6,154389.9,77.24,77.71999999999998,78.3,78.77999999999997,76.66,76.18,75.60000000000001,-0.019074262461851475,-0.005415162454873668,0.2222455936702945,0.32915512056047375,0.6915200647848643,0.9216546904457846,0.3997492102964046,0.47431335811264946,0.3584905660377356,-0.0014853812399427903,,0.14918421853558675
52,2017-06-02,77.0,78.24,76.29,77.59,2123220,DXC,0.0,,1.4577266857348914,0.03225965246467466,0.3964726621103916,0.04677560394581114,0.21012761848666925,-0.019755617343603003,203858.56720024333,77.73549937519344,77.96133202246007,-19063.170000002014,4.048343950450917,77.84999999999998,78.6565,0.31867086995377747,0.659592643644589,-0.34092177369081156,0.42857142857142855,0.45000000000000284,24.04049091586292,-323312.6,146956.05,77.37333333333333,78.45666666666666,79.32333333333334,80.40666666666665,76.50666666666667,75.42333333333335,74.55666666666669,-0.013602847698957452,-0.010205383339711662,0.15334262438037213,0.2789174006722741,0.6278534860937304,0.9198013229409233,0.48872169579450403,0.4927242147501342,0.6666666666666691,-0.0016480720106462877,,0.12910503220488925
53,2017-06-05,77.35,78.1,76.97,77.75,1675887,DXC,0.0,,1.414010534362383,0.022523781119311918,0.5468738290838651,0.047845731177472116,0.2675343862096403,-0.023317182190019936,342321.7994288418,77.74033291679712,77.94111425862107,-26672.859999999975,3.255915203714544,77.66799999999998,78.62449999999998,0.27012423714258205,0.5816024151176211,-0.31147817797503907,0.42857142857142855,0.1599999999999966,24.271521854852047,-462680.8,180487.2,77.60666666666667,78.24333333333334,78.73666666666665,79.37333333333333,77.11333333333334,76.47666666666667,75.98333333333335,-0.007531273934133309,-0.008417293712536623,0.15334262438037213,0.2789174006722741,0.4373442579936794,0.9404616727407888,0.5559029594590374,0.5116226416840375,0.6902654867256675,-0.0015319551672376846,,0.11543121897845797
54,2017-06-06,77.52,77.99,76.84,76.87,2007454,DXC,-0.0,,1.378795683846643,0.01860587611581482,0.1499054400878659,0.05187864056400507,0.0883372464265438,-0.027216640296980028,-440470.48577110795,77.45022194447151,77.83868669586379,83351.51999999987,2.3328311739396663,77.37399999999998,78.54749999999999,0.15975848637289403,0.4971499917396243,-0.3373915053667303,0.35714285714285715,-0.8799999999999955,24.372822545049047,-464702.2,21986.0,77.23333333333333,77.62666666666667,78.38333333333333,78.77666666666666,76.47666666666667,76.08333333333334,75.32666666666668,-0.008384932920536527,-0.02696202531645564,0.13127792356570353,0.2633874116907597,0.35990276464626386,1.0187343799252968,0.37929762511013104,0.46519226652789997,0.026086956521740312,-0.0017232260713525651,,0.08465958794959344
55,2017-06-07,76.88,77.25,76.37,76.77,1140513,DXC,-0.0,,1.312267577479821,0.02241575640802718,0.23772906701350377,0.055402693622101755,0.11662068327732487,-0.028894921678257576,-148244.281879025,77.22348129628311,77.736531014154,524666.5200000021,1.5702635637189006,77.22399999999998,78.43599999999998,0.06360391981520763,0.4103720247660406,-0.346768104950833,0.35714285714285715,-0.10000000000000853,24.369879491403623,-213694.6,-211163.15,76.79666666666667,77.22333333333333,77.67666666666668,78.10333333333332,76.34333333333333,75.91666666666667,75.46333333333334,-0.004796473943479447,-0.03567391031277482,0.07595728933980261,0.21276894822561246,0.4327585932133726,1.086391419235793,0.40438023492535663,0.4641745385629942,0.4545454545454472,-0.0019413030581701273,0.0007930075556035156,0.05746685038354608
56,2017-06-08,76.8,76.89,75.76,76.15,1493799,DXC,-0.0,,1.2879582620620127,0.033849775308287824,0.1640218993337872,0.059411463948036744,0.04556397561270213,-0.03231180673515305,-129446.50415975408,76.86565419748923,77.58492797115282,369831.5999999994,0.8766198516960092,77.02599999999998,78.26299999999999,-0.06133121848409928,0.3159715427021376,-0.3773027611862369,0.35714285714285715,-0.6199999999999903,24.26802802333207,-168531.8,-420524.65,76.26666666666667,76.77333333333333,77.39666666666666,77.90333333333332,75.64333333333333,75.13666666666667,74.51333333333334,-0.018559092666580713,-0.04117350793251065,0.04301836706826775,0.164328385808954,0.6518281982240444,1.1624298507412998,0.38463107106936956,0.45279934435899644,0.3451327433628337,-0.0023351473442853195,0.0006976540026943519,0.021852234396191075
57,2017-06-09,75.9,76.39,74.31,75.1,2288499,DXC,-0.0,,1.3935900823712866,0.05128491320788603,0.13615348539647915,0.06795821219517027,-0.055625253583247894,-0.04245333933207134,-137809.89320437273,76.27710279829014,77.34755296892693,-1917136.620000002,0.2453596503285993,76.52799999999998,78.04699999999998,-0.24136367541460402,0.20444794989904674,-0.44581162531365076,0.2857142857142857,-1.0500000000000114,24.373674343195606,-1050875.6,-446170.3,75.26666666666667,76.22333333333333,77.34666666666666,78.30333333333333,74.14333333333333,73.18666666666667,72.06333333333333,-0.03408360128617371,-0.056769655865360584,0.017607874957571556,0.10022636289794355,0.9811829594932752,1.3259836467991133,0.3830232781487109,0.44582675047728626,0.3798076923076888,-0.003095783485468436,0.0005839622580565176,-0.02865174912800507
58,2017-06-12,74.73,75.95,73.94,75.55,2434200,DXC,0.0,,1.475795779629256,0.040261062848785674,0.3243772103337566,0.07106347749685349,0.08539939250557481,-0.04824216297085431,512584.71680741647,76.03473519885021,77.17588949537073,-564240.600000008,-0.18426543652899974,76.08799999999998,77.84349999999998,-0.3440977861663015,0.09469428130874008,-0.43879206747504157,0.2857142857142857,0.45000000000000284,24.530625205401975,-899213.0,-376661.25,75.14666666666666,76.35333333333332,77.15666666666667,78.36333333333333,74.34333333333332,73.13666666666666,72.33333333333331,-0.017171848575517203,-0.0618403079597666,0.014539721950894648,0.08967703534556114,0.765845937509601,1.3829574526315782,0.5223471937300309,0.4797447605354696,0.8009950248756196,-0.003444622696548556,0.0004660313333893188,-0.05909605019850275
59,2017-06-13,75.42,75.96,74.9,75.93,2087220,DXC,0.0,,1.4203459903159852,0.03315135167813546,0.5119227994331562,0.06659584198981651,0.174291765822568,-0.049775962967695105,892327.4567828514,75.9998234658992,77.05693997933935,-167061.5700000025,-0.6146636711515481,75.89999999999998,77.61349999999997,-0.39061451215155785,-0.0023989859499802427,-0.3882155262015776,0.2857142857142857,0.38000000000000966,24.659766327217838,-80278.2,-365202.2,75.59666666666668,76.29333333333335,76.65666666666667,77.35333333333334,75.23333333333336,74.53666666666669,74.17333333333337,-0.010941774130519595,-0.057823551309095375,0.020994502926754956,0.09272724449423671,0.6290468980926202,1.2921840955691555,0.6721308335599473,0.5267133026315282,0.9716981132075592,-0.003274000787563998,0.0003528576387393266,-0.07500725499340608
60,2017-06-14,76.0,76.19,74.66,74.79,1194670,DXC,-0.0,,1.4349688909213225,0.02989724109211997,0.1837014957623278,0.0640815618596677,-0.011300616637305564,-0.056030560245154265,24507.972944481677,75.59654897725882,76.84055808216719,942042.7999999888,-1.1842398934944387,75.50399999999999,77.32349999999998,-0.5127647499530497,-0.10449864533762891,-0.40826610461542073,0.2857142857142857,-1.1400000000000006,24.792854978942,-91109.6,-510826.5,75.21333333333332,75.76666666666665,76.74333333333331,77.29666666666665,74.23666666666665,73.68333333333332,72.70666666666665,-0.017859487852921855,-0.05064737242955058,0.017207472828666633,0.08467949771875062,0.5643403228548565,1.2387526621140035,0.4764096624568976,0.4845481661018568,0.08496732026144416,-0.003420661387037437,0.00023180588514822365,-0.10905482664562198
61,2017-06-15,74.06,74.57,73.75,74.1,1710796,DXC,-0.0,0.4306370466878548,1.3822989864207693,0.037545566280138276,0.1474485646856357,0.07174988820846982,-0.040483076740151114,-0.0635490220849561,-96871.21475805217,75.09769931816652,76.5790245256294,688855.9200000047,-1.7425694005759627,75.09399999999998,77.08949999999997,-0.6572146667655119,-0.21506481331787206,-0.4421498534476398,0.21428571428571427,-0.6900000000000119,24.887880680864825,-134509.0,-489093.25,74.14,74.53,74.95999999999998,75.35,73.71000000000001,73.32000000000001,72.89000000000001,-0.013315579227696406,-0.051459293394777395,0.008790410897902346,0.06096836447616362,0.7048616885601757,1.3827907517617082,0.4598828644019585,0.4790400074820119,0.42682926829267953,-0.0038343726137685693,9.991157859621911e-05,-0.14788829411457272
62,2017-06-16,73.63,74.98,73.51,74.84,2555736,DXC,0.0,0.4118263323924197,1.3939938761726396,0.03805025021457909,0.4292560260276113,0.07524931208283307,0.13972234078622242,-0.06656201588469633,600234.5762249504,75.01179954544367,76.41310005214382,68053.29999999613,-2.1751856428137644,75.04199999999999,76.92549999999997,-0.7042764639229375,-0.312923402986012,-0.3913530609369255,0.2857142857142857,0.7400000000000091,25.064633822605327,834338.0,-173660.55,74.44333333333334,75.37666666666668,75.91333333333334,76.84666666666668,73.90666666666668,72.97333333333334,72.43666666666668,-0.009397749834546575,-0.041373126681183425,0.24250823979113795,0.18280865540554667,0.7138417191506109,1.4471477391569934,0.6081758778564688,0.5196591480498487,0.9047619047619043,-0.0037257228131836427,-2.7144226019661198e-05,-0.16099106768229077
63,2017-06-19,75.0,76.87,74.9,76.71,1683401,DXC,0.0,0.3939782336122674,1.4788036253212096,0.05505308123051312,0.8465196080236373,0.07402151655062154,0.4740732674372942,-0.0587913924539215,621174.0097606705,75.57786636363215,76.44142304723724,-71500.94999999998,-2.274356414188611,75.27399999999997,76.85749999999997,-0.5849426729142948,-0.3673344894456088,-0.217608183468686,0.35714285714285715,1.8699999999999903,25.357601356983636,684178.2,-2900.4,76.16000000000001,77.42000000000002,78.13000000000002,79.39000000000001,75.45000000000002,74.19000000000001,73.48000000000002,0.010272619517976912,-0.022553516819571996,0.699612048867678,0.5212338810578167,1.0360164091364108,1.4222771770723484,0.7117111605343085,0.5577337482490664,0.9187817258883193,-0.0024427265021882546,-0.00012472262949237607,-0.12907041206974673
64,2017-06-20,76.41,76.54,75.68,75.92,1499980,DXC,-0.0,0.3804413331611223,1.41895767907588,0.05497087248924214,0.6566061886768494,0.07210953798980548,0.353694122956384,-0.05322441711659635,-86236.72090241889,75.69191090908852,76.39168934232717,-1140216.4799999981,-2.4901095756420286,75.27199999999998,76.72949999999997,-0.5474092074014152,-0.403353263209767,-0.1440559441916482,0.35714285714285715,-0.789999999999992,25.53154933284091,-33261.8,-154298.5,76.04666666666668,76.41333333333336,76.9066666666667,77.27333333333335,75.55333333333336,75.18666666666668,74.69333333333336,0.015108971787672086,-0.03002427494570071,0.699612048867678,0.5212338810578167,1.0344418785025582,1.3832321987971943,0.5674973628363075,0.5311545775277824,0.2790697674418547,-0.0014319121532192342,-0.00020785499112203852,-0.11827086782470318
65,2017-06-21,76.0,76.99,75.79,76.42,2000389,DXC,0.0,0.3676927971007483,1.3897610120814292,0.058169398572456316,0.686924805712142,0.06972289585284877,0.45938880008995914,-0.047117709953514594,-125082.97245171631,75.93460727272625,76.39438924812892,-91926.51999999747,-2.607884146303209,75.59799999999998,76.63699999999997,-0.47210555300034684,-0.41710489102699866,-0.055000661973348186,0.42857142857142855,0.5,25.72125995792291,605750.0,290.5,76.39999999999999,77.00999999999998,77.59999999999998,78.20999999999997,75.80999999999999,75.2,74.61,0.03130904183535773,-0.019627966645285454,0.7656162058388616,0.5791873925510658,1.099372548320138,1.3358383923686923,0.5533315752241715,0.5305676332127952,0.5250000000000011,-0.00046640761449341596,-0.0002722262335222295,-0.09996212225787596
66,2017-06-22,76.54,77.0,76.12,76.72,1044465,DXC,0.0,0.36822704524488575,1.3217882167137929,0.04134635392750703,0.6900000765092729,0.0679090522799128,0.5277875550610716,-0.03959840782755903,-40580.68151082436,76.19640484848459,76.42543780085099,-364411.9999999987,-2.629334461019126,76.12199999999999,76.57549999999998,-0.3839230690449966,-0.41046807495230175,0.02654500590730513,0.42857142857142855,0.29999999999999716,25.7119111236166,1156802.2,111461.45,76.61333333333333,77.10666666666665,77.49333333333334,77.98666666666665,76.22666666666666,75.73333333333333,75.34666666666666,0.025120256547300848,-0.024415055951169908,0.7672075830371523,0.5805209287156572,0.7868417884174224,1.3000424082151152,0.5961604440889089,0.5449901011615021,0.6818181818181789,0.00039929124365715334,-0.0003175430782202076,-0.08000729446098427
67,2017-06-23,76.27,78.47,76.06,78.46,10491712,DXC,0.0,0.37344060892100667,1.466891743395958,0.04991527676310119,0.920773887537924,0.0671594040807809,0.86823043453784,-0.020503004782954224,3187396.73489173,76.9509365656572,76.61942045973822,17322298.91999993,-2.4296955708593853,76.84599999999998,76.56649999999998,-0.1723450622436502,-0.3628408793393949,0.1904958170957447,0.42857142857142855,1.7399999999999949,25.826667321586946,2743997.4,551036.8,77.66333333333334,79.26666666666668,80.07333333333332,81.67666666666668,76.85666666666668,75.25333333333334,74.44666666666669,0.022813192543345066,-0.0025425883549453705,0.9028940797488226,0.7294615264505265,0.9589473395343182,1.2855401281377774,0.729390503528293,0.5879768050012762,0.9958506224066369,0.001845321268917023,-0.0003271164680781942,-0.03193840283448965
68,2017-06-26,78.05,79.31,77.86,78.85,2848008,DXC,0.0,0.37328566504433797,1.4646393949506364,0.06729261110694576,0.8030787164474206,0.0680326148014044,0.9364963537840294,-0.003907040028772102,1238828.4048558513,77.58395771043858,76.83206968065852,3841546.589999992,-2.1797339642228346,77.27399999999999,76.57599999999996,0.026344634239933384,-0.2850003861918812,0.3113450204318146,0.5,0.39000000000000057,25.911185532815182,2976918.8,574800.8,78.67333333333333,79.48666666666666,80.12333333333335,80.93666666666667,78.03666666666666,77.22333333333333,76.58666666666666,0.03859325605900939,0.006510084248148977,0.9337744918066919,0.7817853348950601,1.2999923076695314,1.3024163777580853,0.7138465425820679,0.597012698543624,0.6827586206896503,0.003204876103765794,-0.0003056328377593503,0.011246970895958655
69,2017-06-27,78.54,79.25,77.5,77.52,2011750,DXC,-0.0,0.369734636029777,1.502689173862318,0.054526070137072495,0.48250961451425184,0.0656454868376575,0.696051997033357,0.003881805251689684,-627630.8541459386,77.56263847362571,76.8976463037409,7971164.279999981,-2.012784734221553,77.59399999999998,76.53499999999997,0.07605799742357533,-0.21278619317141764,0.288844190594993,0.5,-1.3299999999999983,26.028723699758988,2874564.8,574080.65,78.08999999999999,78.67999999999998,79.83999999999997,80.42999999999998,76.92999999999998,76.33999999999999,75.17999999999998,0.014394137660298276,0.0,0.7841543144678393,0.712035111414535,1.0577239715540006,1.2560443337800287,0.4797072188641246,0.5411921764541006,0.011428571428569154,0.0034124117824950455,-0.0002773576360720329,0.021407679051072305
70,2017-06-28,77.9,78.58,77.26,78.4,2146986,DXC,0.0,0.3684707691760323,1.4783296750955568,0.04413802789885889,0.6191055534609797,0.06825658850634582,0.8483819748460223,0.019941599802834893,-211830.7690818659,77.84175898241723,77.04084506409059,315459.89999999205,-1.6714770581340659,77.98999999999998,76.57899999999998,0.18406095755788954,-0.1334145504670813,0.3174755080249708,0.5,0.8800000000000097,26.146821807157735,2903884.2,801207.5,78.08,78.89999999999999,79.39999999999999,80.21999999999998,77.58,76.76,76.26,0.02189781021897819,0.016333938294010957,0.6821405441150329,0.6652706581449961,0.860581198958001,1.3067553228068638,0.6076836004549128,0.5719263557631667,0.8636363636363685,0.0035250346988804954,-0.00023440808219482578,0.04314147744650339
71,2017-06-29,78.19,78.85,77.47,78.54,1999164,DXC,0.0,0.3567837064052119,1.4652186122193895,0.025391076365888596,0.5934911840964832,0.07171121121918754,0.8440313168039312,0.03440604377353088,-168981.91987925605,78.0745059882782,77.18372775976135,-12837.720000000128,-1.1985538454120266,78.35399999999997,76.64899999999997,0.2777031205631175,-0.051189182574063324,0.3288923031371809,0.5714285714285714,0.14000000000000057,26.177024198993827,3094824.0,987146.35,78.28666666666668,79.10333333333335,79.66666666666666,80.48333333333335,77.72333333333336,76.90666666666668,76.34333333333336,0.0010196278358400779,0.012243845856424834,0.7361938991995057,0.6921521726924248,0.49737309939320856,1.374148157184876,0.6635765065834828,0.5913155983988839,0.7753623188405876,0.0035144310663219303,-0.0001800475135631022,0.06194096767557127
72,2017-06-30,78.22,78.78,76.72,76.72,1825589,DXC,-0.0,0.34645251997641985,1.5445251014109624,0.04472321145841944,0.13137908029076525,0.07082773113045088,0.5211029031189953,0.03460941452688492,-1067274.4856103503,77.6230039921854,77.13953353763931,539946.9600000022,-1.1370347218062187,78.00599999999999,76.60549999999998,0.2032044868218037,-0.000309540971751396,0.2035140277935551,0.5714285714285714,-1.8200000000000074,26.194630462622953,631363.8,789705.9,77.40666666666667,78.09333333333333,79.46666666666667,80.15333333333334,76.03333333333333,75.34666666666666,73.97333333333333,-0.027013316423589038,-0.013247588424437313,0.4431373581792523,0.5477455858954439,0.8721697082563665,1.3564484392784384,0.4423843377222909,0.5349619893043495,0.0,0.002462228822500134,-0.00013962595100684732,0.0458001385366129
73,2017-07-03,76.76,76.85,75.84,75.95,1217374,DXC,-0.0,0.3366053979776039,1.4732532932687805,0.05703660192321646,0.16576964466414565,0.06984604409001444,0.39418642809100507,0.029335432112014687,-1059837.4598399969,77.0653359947902,77.02617576565483,2024836.1000000027,-1.1198301424585912,77.42599999999997,76.51549999999997,0.08128957316023389,0.016010514782264857,0.06527905837796903,0.5,-0.769999999999996,25.875342276614685,-181712.6,645042.85,76.21333333333332,76.58666666666664,77.22333333333333,77.59666666666664,75.57666666666665,75.20333333333333,74.56666666666666,-0.020252837977296094,-0.011968258098087702,0.26793545104755073,0.4248375259517118,1.104028985126739,1.3360762466423746,0.33122652217788673,0.49436102958608247,0.10891089108910933,0.000919444622266264,-0.00011920634882041566,0.02117506501919015
74,2017-07-05,75.95,76.67,75.88,76.24,1780607,DXC,-0.0,0.3297319154373074,1.3821508660721535,0.06319450834937114,0.30929806097498364,0.06980306379389198,0.4542969958097485,0.030018966275245747,-707673.6198712453,76.79022399652679,76.95126070740751,21591.36000000018,-1.0286003050849777,77.16999999999999,76.48399999999997,0.007916036683752736,0.014391600677831073,-0.006475563994078337,0.5714285714285714,0.28999999999999204,25.586474625975324,576758.8,834445.9,76.26333333333334,76.64666666666668,77.05333333333334,77.43666666666668,75.85666666666667,75.47333333333333,75.06666666666666,-0.0275510204081634,-0.0069037384394946095,0.26793545104755073,0.4248375259517118,1.2191800523302425,1.3347043828030078,0.37271641562914076,0.49067664004185224,0.4556962025316412,-0.0002615052073264929,-0.00011053777675521798,0.006627348457450483
75,2017-07-06,76.2,76.7,75.64,76.51,1941737,DXC,0.0,0.31985884780542206,1.3391966048710895,0.05308123150349599,0.43081815506515475,0.06972772903171731,0.5073141239639305,0.028832236319241953,-52730.623211867234,76.69681599768452,76.90921496932363,405643.28000000166,-0.86389945309376,76.79199999999999,76.47099999999998,-0.02817778882487687,0.005877645007538532,-0.034055433832415404,0.6428571428571429,0.27000000000001023,25.352136251930506,535709.0,988558.4,76.28333333333335,76.92666666666669,77.34333333333335,77.9866666666667,75.86666666666669,75.22333333333334,74.80666666666669,-0.025846702317290565,0.004727511490479309,0.22118900124870186,0.3913845286790093,1.0190534824041158,1.333037291696113,0.5220625160798116,0.5221282878709937,0.8207547169811346,-0.0008915147989865782,-0.00010752114922396519,-0.0006610709168549732
76,2017-07-07,76.51,77.65,76.46,77.46,842897,DXC,0.0,0.31600588057147194,1.3193033981477589,0.029908295385362296,0.885982777401415,0.07047766936313525,0.6712051276305772,0.027121379107929427,6206.042914910766,76.95121066512301,76.96169429837205,-1144006.199999999,-0.6570742978069305,76.57599999999998,76.53649999999996,0.019461269431474193,0.008594389744960074,0.01086687968651412,0.6428571428571429,0.9499999999999886,25.204654325795786,304455.6,1105393.2,77.19,77.92,78.38000000000001,79.11000000000001,76.72999999999999,75.99999999999999,75.53999999999998,0.009645464025026002,0.03142476697736351,0.6040312083871647,0.5552234490678181,0.5725644068573756,1.3485285353028995,0.6281537222044683,0.5524474384588378,0.8403361344537731,-0.0007070902980600527,-9.777246574173618e-05,0.00806187750093503
77,2017-07-10,77.36,78.25,77.13,77.85,2193458,DXC,0.0,0.31232874145589373,1.2927292342229062,0.042457833335856336,0.8213889383945694,0.06961815744670616,0.7203112509215961,0.02539873082676948,46605.02327533084,77.25080711008201,77.04632929429052,337306.1399999973,-0.5143682287831075,76.80199999999998,76.67399999999996,0.08760198976341371,0.024396002124980266,0.06320598763843345,0.6428571428571429,0.39000000000000057,25.0028589978296,1108265.0,1329491.05,77.74333333333333,78.35666666666665,78.86333333333334,79.47666666666666,77.23666666666665,76.62333333333332,76.11666666666665,0.025016458196181587,0.030443414956982096,0.7239969604152543,0.6296409901622771,0.8152116289651093,1.3344756510171862,0.6330548624220254,0.5610613930340659,0.6428571428571392,-0.00011490265706126883,-7.879234690482256e-05,0.020840114982490353
78,2017-07-11,77.92,78.05,77.34,77.73,1945827,DXC,0.0,0.3163247103504889,1.2150310464022596,0.0380946375041809,0.6946037575227975,0.06912179487861268,0.6784308299707223,0.021314940579630993,-79469.53677824477,77.41053807338803,77.11146477993974,297791.10000001127,-0.3429559233563325,77.15799999999999,76.78299999999997,0.13043614158300443,0.045604129202864926,0.0848320123801395,0.6428571428571429,-0.11999999999999034,24.819539007641907,962574.4,1110489.7,77.70666666666666,78.07333333333332,78.41666666666666,78.78333333333332,77.36333333333333,76.99666666666667,76.65333333333334,0.019543546694648598,0.02370604504148554,0.7239969604152543,0.6296409901622773,0.7348265101368974,1.326844694041129,0.6051351664973142,0.559940445096489,0.5492957746478929,0.00039148251922995397,-5.481479241256894e-05,0.029189511699788097
79,2017-07-12,78.25,78.98,77.92,78.68,967200,DXC,0.0,0.3201404427058544,1.2196936232986688,0.040259236147062366,0.8307774695825667,0.07152311340560306,0.8198164229541091,0.02480519744727979,-51311.74643946625,77.83369204892536,77.26089888258453,-1017794.1400000154,-0.1226416217451437,77.64599999999999,76.92049999999998,0.23814215009682016,0.08411187745624699,0.15403027264057317,0.6428571428571429,0.9500000000000028,24.6934495048938,799893.0,1054488.7,78.52666666666667,79.13333333333334,79.58666666666666,80.19333333333334,78.07333333333334,77.46666666666667,77.01333333333334,0.02836230558096983,0.052012301109774034,0.8562795456074803,0.728120008927566,0.781492162468701,1.3753984111789221,0.6424171550233682,0.5749016865383775,0.716981132075475,0.0011823801859244293,-1.692182688167069e-05,0.050165165133971165
80,2017-07-13,78.68,78.93,77.98,78.56,1008611,DXC,0.0,0.32263777361102247,1.1837341409938658,0.02744517382856993,0.7352655070370004,0.06875870066006003,0.773674718664118,0.02089794802990986,-97737.27486850705,78.07579469928358,77.38466011180809,-777889.2799999984,0.106102776069943,78.05599999999998,77.10899999999997,0.31025530074333574,0.12934069749054955,0.1809146032527862,0.5714285714285714,-0.12000000000000455,24.626600351672945,209823.4,1063791.65,78.49000000000001,79.00000000000001,79.44000000000001,79.95000000000002,78.05000000000001,77.54,77.10000000000001,0.014200877872450408,0.06018893387314451,0.8562795456074802,0.7281200089275661,0.5355651220907135,1.3254786622991417,0.6317868752787354,0.578295531596043,0.61052631578947,0.0017492637611445797,2.888512258524967e-05,0.06508526832905474
81,2017-07-14,78.82,78.82,77.92,78.51,1411719,DXC,0.0,0.31973231459321355,1.1459026189972912,0.022535567070221023,0.6383401355646884,0.05970994068820448,0.7556666903866814,0.016244870103024993,-39038.99297507497,78.22052979952238,77.49186458252984,-75568.23000000075,0.40583274413563464,78.26599999999999,77.32949999999997,0.35923444154046535,0.17531955639802682,0.18391488514243853,0.5,-0.04999999999999716,24.563635870971815,-241099.8,1078745.5,78.41666666666667,78.91333333333334,79.31666666666668,79.81333333333333,78.01333333333335,77.51666666666668,77.11333333333336,0.008477842003853703,0.049037947621592755,0.8073495911354638,0.7110823341569172,0.4409421730794796,1.1543349646121266,0.6397097687043456,0.5856556368082012,0.6555555555555656,0.0020121950624205384,7.874095164412934e-05,0.07644462410298478
82,2017-07-17,78.52,78.57,77.65,78.21,1481771,DXC,0.0,0.3169558448446153,1.11578206058557,0.019474854923034864,0.41609974922883824,0.05205665612881709,0.6764872073985331,0.01844075018122603,-48728.9386464493,78.21701986634827,77.56027531566956,-165606.00000000405,0.6890064943878556,78.338,77.49799999999998,0.3696185210442593,0.21417942376799018,0.15543909727626912,0.42857142857142855,-0.30000000000001137,24.39264879788731,-976145.6,876870.15,78.14333333333333,78.63666666666666,79.0633333333333,79.55666666666664,77.71666666666667,77.22333333333334,76.79666666666668,0.006175221922037692,0.019554165037152915,0.593640385647276,0.6323862766441106,0.3814052962401763,1.0085716841677663,0.6293717298608664,0.5878504656724711,0.6086956521739083,0.0018979734128431256,0.00012681744453501458,0.08054840668567545
83,2017-07-18,78.24,78.35,77.74,77.98,1719104,DXC,-0.0,0.3186524693527164,1.04834404654996,0.014609584844696169,0.143735372837235,0.05137870307050559,0.6050185760643296,0.018973517356285736,-267328.27478910127,78.13801324423218,77.60025802312425,-162914.05000000034,0.9166996913978387,78.38799999999999,77.56149999999998,0.35521984528786277,0.24238755130079434,0.11283229398706843,0.42857142857142855,-0.22999999999998977,24.1248437497674,-930801.0,706744.9,78.02333333333333,78.30666666666666,78.63333333333334,78.91666666666666,77.69666666666666,77.41333333333333,77.08666666666666,-0.008896797153024947,0.027133825079030588,0.5936403856472758,0.6323862766441106,0.2863040342015108,0.9962523195507547,0.5507286942241891,0.569331297768782,0.39344262295083493,0.0015219811406547207,0.00016962032530030226,0.07978268200429961
84,2017-07-19,78.0,78.71,77.77,78.71,1756210,DXC,0.0,0.3220606262286509,1.0338980983108894,0.015009302778574454,0.7685614910430025,0.04882789654237003,0.7659478859335976,0.021807823645031536,342912.50705717877,78.3286754961548,77.70596909202301,137219.5,1.2522478696779604,78.39399999999998,77.70099999999998,0.39804566609619485,0.27351921242717997,0.12452645366901488,0.5,0.7299999999999898,23.961665406134475,-772999.0,869554.4,78.39666666666666,79.02333333333333,79.33666666666666,79.96333333333332,78.08333333333333,77.45666666666666,77.14333333333333,0.0019093686354377732,0.029965977492802828,0.7598008900359559,0.6952040273373603,0.29415982050589135,0.9484940973096733,0.7004857961494595,0.6103556528015374,1.0,0.0014579217753889382,0.00021553333162601044,0.09066209932913777
85,2017-07-20,78.52,78.87,78.09,78.64,806270,DXC,0.0,0.33571175722796226,1.0000448654695986,0.015677958791617503,0.6870970170960253,0.04730218068179749,0.7249585976408789,0.027454688513676728,107835.88053529483,78.43245033076987,77.79494067963017,-602470.4399999969,1.326840135578679,78.40999999999998,77.81199999999998,0.42148394944510414,0.30311218885547164,0.1183717605896325,0.5,-0.06999999999999318,23.7930165647429,-732530.8,729221.45,78.53333333333335,78.97666666666669,79.31333333333336,79.75666666666669,78.19666666666669,77.75333333333334,77.41666666666669,0.0016558400203795114,0.02502606882168928,0.8085188243220205,0.7203078093736803,0.30732718721268204,0.9201693208030064,0.7020332658090399,0.6193832603143871,0.7051282051282004,0.0014146689440224134,0.0002615687140635782,0.09833029770025017
86,2017-07-21,78.53,80.36,78.53,79.94,1610212,DXC,0.0,0.3489066365726743,1.1107059837114868,0.03854027581413087,0.910159621449875,0.05117142573963967,0.9929837436808335,0.03783585554207394,173785.17882083112,78.93496688717991,77.99926583489776,-179577.5400000006,1.6058268283827637,78.69599999999998,77.97299999999998,0.5386274700468761,0.350215282052616,0.18841218799426007,0.5714285714285714,1.2999999999999972,23.872101030441975,-128144.6,757508.8,79.61,80.69,81.44,82.52,78.86,77.78,77.03,0.022119933512338628,0.01886311496303854,0.9474574447641932,0.8532921070214928,0.7582413863672106,0.9974973947992308,0.7248527782989224,0.633776930554758,0.7704918032786874,0.001953247119794282,0.00032094252830914584,0.12541634375967106
87,2017-07-24,80.0,80.39,79.62,80.25,1412060,DXC,0.0,0.36312164261266155,1.065278364938558,0.04827775093658269,0.8000814453967408,0.057219628541523085,0.9897343560001018,0.046124898452469885,193711.12004182336,79.37331125811994,78.21365354852303,975321.8999999997,2.075851198678359,79.10399999999998,78.06249999999997,0.6489690868476146,0.4099660805177998,0.23900300632981475,0.6428571428571429,0.3100000000000023,23.87021659009894,450621.6,303526.2,80.08666666666666,80.55333333333331,80.85666666666665,81.32333333333331,79.78333333333332,79.31666666666666,79.01333333333332,0.029110028212362093,0.01775523145212436,0.9485105652076901,0.854933351411992,0.954740802521859,1.116676813255661,0.7559624582598872,0.651341929057322,0.8181818181818165,0.0025957919838615682,0.0003918245458876859,0.15219011002882796
88,2017-07-25,80.35,80.73,79.98,80.06,790060,DXC,-0.0,0.3734440448985439,1.0232411258847072,0.039217673852165603,0.673155207838164,0.06102360161740406,0.9063056600274166,0.051624867301272304,-299414.84307757043,79.60220750541329,78.38951987642592,-98418.24000000373,2.4119760341561656,79.51999999999998,78.12299999999998,0.7128793445282753,0.47054876374258814,0.24233058078568714,0.6428571428571429,-0.18999999999999773,23.755316908898376,636430.4,121622.8,80.25666666666667,80.53333333333335,81.00666666666667,81.28333333333335,79.78333333333335,79.50666666666667,79.03333333333335,0.017151569050946624,0.03276573787409709,0.9609342129809502,0.8738375480192945,0.779647356181052,1.191836707289114,0.5395305277288129,0.5994610709336704,0.1066666666666644,0.0029124869352785067,0.00046686406826179974,0.17002583253854098
89,2017-07-26,80.06,80.39,79.85,80.06,1064025,DXC,-0.0,0.3665964794723593,0.9588088114082639,0.032704863126311164,0.6034672635380779,0.06429182675853581,0.859781197417366,0.051530366216558675,-351408.3395569407,79.75480500360887,78.54863271067252,66126.64999999921,2.723353616194464,79.78999999999999,78.24999999999997,0.754825702999085,0.5274041744346681,0.22742152856441689,0.5714285714285714,0.0,23.66404018833899,285188.4,222210.3,80.10000000000001,80.35000000000002,80.64000000000001,80.89000000000003,79.81000000000002,79.56,79.27000000000001,0.018056968463886085,0.021173469387755058,0.8510178956478578,0.8252429944989622,0.6523802572120919,1.2577088609638565,0.4893166481155083,0.5794041207037263,0.3888888888888991,0.0029404310370007318,0.0005426003761780052,0.1847640550333694
90,2017-07-27,80.22,80.29,77.37,78.48,1797975,DXC,-0.0,0.3600427521459778,1.2203015479833639,0.03625937339987945,0.05808748201292732,0.06432070362002225,0.544900492690619,0.04344741754576753,-402641.2760423132,79.32987000240591,78.54209553758132,-1592505.6999999983,2.7670192257710324,79.758,78.25399999999998,0.6531526207662495,0.5525538717837856,0.1005987489824639,0.5,-1.5799999999999983,23.92113125952578,86847.4,24962.25,78.71333333333335,80.0566666666667,81.63333333333335,82.9766666666667,77.1366666666667,75.79333333333335,74.2166666666667,-0.01826369777332992,-0.0007639419404125576,0.20987108546097047,0.3661620714381585,0.7229937759068963,1.258338085270305,0.45292342751079534,0.5604241950063094,0.38013698630136944,0.002023154364038759,0.0005986324788420339,0.16154899020836688
91,2017-07-28,78.41,78.89,78.34,78.43,898616,DXC,-0.0,0.3537692620622489,1.1309278370133717,0.04617601824893453,0.22035685236897865,0.06427022460631822,0.5360903248120978,0.036999986877985724,-442201.66111271654,79.02991333493728,78.53141870156763,269616.6699999992,2.898466191751369,79.45599999999999,78.24849999999998,0.5620652711264,0.554456152141404,0.007609118984996055,0.42857142857142855,-0.04999999999999716,24.067274743971858,-414918.2,-119926.75,78.55333333333334,78.76666666666668,79.10333333333332,79.31666666666668,78.21666666666668,78.00333333333334,77.66666666666669,-0.02267912772585661,0.0222888425443171,0.2098710854609705,0.36616207143815843,0.9172404264968353,1.2572621675268725,0.3564944062193205,0.5226310883476886,0.16363636363637069,0.0009697019018820709,0.0006375771560234632,0.1418283159064588
92,2017-07-31,,,,78.38,987671,DXC,,0.3477631172813664,1.1309278370133717,0.04519296673721158,0.303578684201726,0.06152017195540136,0.5100643968888487,0.029974665245320904,-442201.66111271654,78.81327555662484,78.51699656450847,81030.4000000069,3.152163297515547,79.082,78.33149999999998,0.48030944090565697,0.5396268068440351,-0.05931736593837811,,-0.05000000000001137,24.045646270151877,-894864.4,-78030.85,,,,,,,,-0.02098426180364735,0.03199473337722176,0.20987108546097044,0.36616207143815843,0.8934875488780414,1.20474183738113,0.3564944062193205,0.5226310883476886,,9.070625171925072e-05,0.0006617781959495843,0.12462637531256097
93,2017-08-01,78.75,79.39,78.42,79.33,1065878,DXC,0.0,0.3474863657046428,1.1126974801619962,0.037510030373498426,0.633068018779708,0.055241292664913004,0.691284656216433,0.029454463696710585,269034.6315484986,78.9855170377499,78.59443181882853,150535.79999999856,3.2862715245753042,78.93599999999999,78.50049999999996,0.48651477810535937,0.529004399348378,-0.04248962124301858,,0.9500000000000028,24.00106068664544,-523676.8,36131.75,79.04666666666667,79.67333333333333,80.01666666666667,80.64333333333333,78.70333333333333,78.07666666666667,77.73333333333333,-0.009118161378965825,0.040529905561385145,0.2098710854609704,0.3661620714381585,0.7402229393906179,1.0841172737105003,0.6057729449382852,0.5659390876814298,0.9381443298969048,-6.752966499029828e-05,0.0006845334868887482,0.12689616636679962
94,2017-08-02,78.97,79.25,77.86,78.11,1011471,DXC,-0.0,0.34722133275171385,1.1656399749873143,0.02347718591831677,0.26356249009528654,0.048421847583112076,0.3728212322414731,0.0217867766682886,-197671.6261673602,78.6936780251666,78.54829202875705,-6425.999999999905,3.276649948758508,78.54599999999999,78.59399999999997,0.38857002492790116,0.5009175207669156,-0.11234749583901449,,-1.2199999999999989,23.981691140917295,-725971.0,-103472.15,78.40666666666668,78.95333333333336,79.7966666666667,80.34333333333336,77.56333333333336,77.01666666666668,76.17333333333336,-0.004714576962283442,0.02091229904587628,0.12692285627292127,0.2940953756482477,0.46100976128502724,0.9514166722367772,0.43910983761335715,0.5260570628761885,0.1798561151079136,-0.0005405258463404177,0.0006913679286448112,0.10198478740885908
95,2017-08-03,78.37,78.65,78.0,78.44,858624,DXC,0.0,0.34109516107333404,1.090353393450362,0.023569994005208292,0.4470596551397113,0.041547476539539434,0.4233802423251716,0.017897828940374075,-2631.69171024517,78.60911868344441,78.53797780921428,184456.0600000001,3.1903025170858066,78.53799999999998,78.69049999999996,0.3337143609317792,0.4674768852781784,-0.13376252434639918,,0.3299999999999983,23.90563627338422,-194651.2,-157627.8,78.36333333333333,78.72666666666666,79.01333333333332,79.37666666666667,78.07666666666665,77.71333333333332,77.42666666666665,0.0001275022312889316,0.012651691195455771,0.12692285627292127,0.2940953756482477,0.4627850472952621,0.8173479256586565,0.5270681590018802,0.5415167660325042,0.6769230769230675,-0.0008099682659367763,0.0006893599910007277,0.08816372764833864
96,2017-08-04,78.49,78.95,78.4,78.72,833086,DXC,0.0,0.32985625462538815,1.0124458067120643,0.023616297851531853,0.5668050700367947,0.03882251953273979,0.4890430109938568,0.013594253770369389,14097.348657467955,78.64607912229627,78.55531430983088,-108814.8499999999,3.111571108693907,78.59599999999999,78.75349999999996,0.3092575357720335,0.4358330127109584,-0.1265754769389249,,0.28000000000000114,23.773200537948156,151689.2,-158118.35,78.69000000000001,78.98000000000002,79.24000000000001,79.53000000000002,78.43000000000002,78.14000000000001,77.88000000000002,0.004337841286042402,0.01117533718689794,0.38298256425446076,0.38470588603155603,0.4640366364847493,0.7643523230054053,0.5466045107557114,0.5456169112752612,0.5818181818181725,-0.0007882581093914133,0.0006834005234993889,0.08216003012823554
97,2017-08-07,78.65,79.25,78.63,78.87,1219051,DXC,-0.0,0.33305356587244755,0.9564704682849907,0.02331697451067088,0.5959177204465336,0.037273732549105584,0.522299103200334,0.008365574129823122,-109813.60667085856,78.72071941486418,78.58528602400297,154983.61000000246,2.97762756836485,78.69399999999999,78.80449999999996,0.2985316632001229,0.40837274095797266,-0.10984107775784974,,0.15000000000000568,23.54495104970344,593033.6,-206838.7,78.91666666666667,79.20333333333335,79.53666666666669,79.82333333333335,78.58333333333334,78.29666666666667,77.96333333333334,-0.005798562964830376,0.014666152064839837,0.5625844465772746,0.4657510157954803,0.45872649803568355,0.7343344641664974,0.490994209486554,0.5295936811642968,0.3870967741935602,-0.0005861495822925281,0.0006757515255507807,0.08004668039064752
98,2017-08-08,78.46,79.29,77.26,77.49,2747431,DXC,-0.0,0.33824540754917876,1.1081794601893495,0.028084485864441695,0.11995602542580214,0.03830320925752819,0.06842359956408849,-0.0016508079465341646,-724418.1808029176,78.31047960990945,78.48096787827453,-2354644.3500000075,2.548679519547097,78.326,78.79249999999996,0.17669065716576426,0.36203632170107614,-0.18534566453531187,,-1.3800000000000097,23.613367766410725,-169628.2,-246918.9,78.01333333333334,78.76666666666667,80.04333333333334,80.79666666666667,76.73666666666666,75.98333333333333,74.70666666666666,-0.007937524004608943,-0.0151245551601425,0.19664073623263933,0.2722294819188131,0.549936359954565,0.7545014038559471,0.3613009831076557,0.48775912454319004,0.11330049261083233,-0.0010093205102091735,0.0006510706694183271,0.049103021882388596
99,2017-08-09,79.68,84.5,79.67,82.98,4614808,DXC,0.0,0.3432204461203521,1.9356059530810035,0.10723802699731191,0.9327387799161331,0.0608138447979837,1.3267860200650172,0.012195006025636577,293279.35890734073,79.8669864066063,78.90946642008336,13956561.269999998,2.9870744551566166,79.3,79.00749999999996,0.5169818108949613,0.3930254208765963,0.123956390018365,,5.490000000000009,24.24572332898842,955627.6,-64538.5,82.38333333333334,85.09666666666668,87.21333333333332,89.92666666666668,80.26666666666668,77.55333333333334,75.43666666666668,0.05787863335033155,0.05626272912423627,0.8200018796821966,0.7461937579655689,2.1259938852217086,1.2011874607191737,0.4714496389041098,0.5075068503590668,0.6853002070393381,0.00110959797220941,0.0006750514752762303,0.12003901802790193
100,2017-08-10,82.19,82.55,80.7,81.27,2464145,DXC,-0.0,0.3479882461517817,1.983560272792034,0.11091891430669548,0.6584891601329961,0.06555597008648781,0.9099611784636005,0.018752412177683354,-152374.94710152337,80.3346576044042,79.13428830004058,-1070821.0800000003,3.1218512194519694,79.866,79.14299999999996,0.6413414937446049,0.44268863716401263,0.19865285658059229,,-1.710000000000008,24.734408387826104,291073.8,-137315.2,81.50666666666666,82.31333333333332,83.35666666666667,84.16333333333331,80.46333333333332,79.65666666666667,78.61333333333333,0.032393292682926796,0.03515475735575074,0.8200018796821965,0.7461937579655689,2.2146625025046354,1.2970740351387255,0.4162849823152085,0.4876672518606314,0.30810810810810535,0.002585387248036441,0.0007146932025556799,0.13542478469581393
101,2017-08-11,81.46,82.2,80.85,82.05,1552154,DXC,0.0,0.3479882461517817,1.895859942240003,0.1134212713166092,0.6661914878032164,0.07260858326406762,0.9740148839257176,0.028254185667947934,354931.1537051383,80.90643840293613,79.41198536319983,2848268.2200000207,3.1827867653867497,80.532,79.31999999999996,0.7936643677744399,0.5128837852239745,0.28078058255046545,,0.7800000000000011,25.057050933856367,434887.4,10878.45,81.7,82.55000000000001,83.05000000000001,83.90000000000002,81.2,80.35,79.85,0.04031951312286031,0.04909858074415041,0.8200018796821966,0.746193757965569,2.283510455417293,1.4398282061264602,0.5751975110250789,0.5274183445549259,0.8888888888888854,0.0037506052740723674,0.0007729029133128154,0.15613657139771747
